event,id,nanoseconds
read,6,24200
read,7,24655
read,4,25039
read,5,25303
read,3,25307
read,1,25758
read,2,25854
read,8,26015
write,7,43663
write,8,45096
write,6,46499
write,4,47039
write,3,47155
write,9,48102
write,2,49845
write,5,50127
write,1,105755
open,7,53044
open,3,53249
open,5,53694
open,6,54025
open,4,54874
open,2,55026
open,8,55350
open,1,68674
close,3,55626
close,6,56400
close,4,57361
close,7,58033
close,5,58909
close,2,59985
close,1,63548
read,12,23065
read,13,23327
read,16,23382
read,14,24094
read,9,24111
read,10,24239
read,17,24591
read,15,24665
read,11,24971
write,11,44523
write,12,44553
write,10,44767
write,15,44808
write,13,45946
write,14,46019
write,16,46281
write,17,46359
write,18,46965
write,19,47532
open,10,52320
open,14,53207
open,12,53627
open,15,54169
open,16,54728
open,18,55403
open,11,55766
open,13,55864
open,17,56169
open,9,58403
close,10,54424
close,11,55889
close,9,56658
close,14,57309
close,15,57674
close,12,58229
close,16,59432
close,17,60709
close,8,62426
close,13,67922
read,19,21735
read,23,22442
read,20,22453
read,25,22786
read,21,22944
read,24,23171
read,26,23337
read,18,23891
read,22,24251
read,27,31371
write,22,43185
write,23,43687
write,21,43776
write,27,44085
write,20,44665
write,25,45010
write,26,45417
write,24,55319
write,28,56476
open,20,51454
open,22,52718
open,21,54033
open,26,54471
open,25,54754
open,23,55879
open,19,57619
open,28,57933
open,24,60213
open,27,64318
close,23,54818
close,21,56329
close,26,57166
close,20,57208
close,19,57402
close,24,57499
close,25,58027
close,22,58278
close,18,63725
close,27,68317
read,32,22426
read,36,23855
read,31,23912
read,30,24122
read,28,24558
read,33,24927
read,35,24938
read,37,26798
read,34,31893
read,29,35979
write,29,41090
write,33,43345
write,35,43955
write,36,44280
write,37,44375
write,34,44437
write,38,44937
write,32,46351
write,31,46822
write,30,76467
open,33,50914
open,36,51171
open,35,51998
open,34,52200
open,32,52761
open,31,53482
open,37,53728
open,30,59727
open,29,87841
close,31,55726
close,33,56313
close,32,56319
close,35,56889
close,36,57531
close,30,58085
close,29,70789
close,34,71210
close,28,73157
read,43,23589
read,42,24333
read,39,24449
read,41,24458
read,38,24660
read,45,24849
read,46,25145
read,44,25178
read,40,41328
write,43,44134
write,42,44509
write,39,44619
write,47,44651
write,40,45453
write,45,45790
write,41,46300
write,46,47038
write,48,48674
write,44,61233
open,45,52092
open,42,52826
open,39,53224
open,38,53393
open,43,53977
open,44,54061
open,46,54122
open,40,54170
open,41,56880
open,47,58207
close,37,54981
close,41,55132
close,44,55729
close,43,56812
close,42,57022
close,45,57200
close,40,57286
close,39,58813
close,38,59962
close,46,60079
read,56,21935
read,47,22883
read,55,23043
read,52,23379
read,50,23609
read,53,23972
read,51,24376
read,54,24620
read,49,25925
read,48,26950
write,56,43791
write,57,44394
write,54,44595
write,51,44952
write,50,45269
write,55,46215
write,49,46580
write,52,46788
write,53,113786
open,55,51733
open,50,53304
open,51,53756
open,54,53904
open,53,54294
open,49,54335
open,48,54438
open,56,54590
open,57,57206
open,52,223580
close,54,52522
close,55,55364
close,49,56469
close,51,57575
close,47,59120
close,48,60152
close,56,60532
close,50,62459
close,53,67713
close,52,85885
read,58,21984
read,60,22792
read,59,23063
read,63,23244
read,66,23869
read,61,24160
read,65,24172
read,64,24456
read,62,24645
read,57,30791
write,58,41124
write,65,42808
write,61,44337
write,67,44628
write,64,44844
write,63,45146
write,66,45267
write,60,45783
write,59,46223
write,62,47018
open,66,52270
open,60,53097
open,59,53663
open,58,53797
open,63,55129
open,64,56612
open,65,57005
open,62,57069
open,61,62650
close,57,57492
close,63,57914
close,61,58290
close,59,58346
close,60,58595
close,65,58672
close,62,59720
close,66,59906
close,58,62898
close,64,63937
read,75,23591
read,69,24261
read,73,24905
read,71,25094
read,68,25307
read,74,25803
read,72,25850
read,70,26517
read,76,26908
read,67,37585
write,75,42752
write,72,43021
write,70,43473
write,76,44346
write,73,44408
write,77,44557
write,71,44574
write,69,45590
write,74,47747
write,68,49748
open,74,50957
open,73,52124
open,75,52325
open,70,53605
open,69,54482
open,72,54891
open,71,55878
open,68,56362
open,67,64075
open,76,92546
close,73,55270
close,68,57804
close,75,57826
close,71,59439
close,72,60080
close,74,60083
close,69,60129
close,70,60661
close,67,62906
read,85,24122
read,79,24528
read,77,24789
read,84,25418
read,82,25597
read,80,26218
read,81,26441
read,78,26565
read,83,45638
write,80,44115
write,79,44190
write,86,45552
write,81,46073
write,84,46230
write,78,46753
write,85,46834
write,83,47631
write,87,50488
write,82,59358
open,84,51871
open,78,52412
open,80,52866
open,79,53386
open,82,53998
open,81,54838
open,83,55756
open,85,57557
open,77,58813
open,86,63025
close,79,57001
close,78,57826
close,76,58245
close,84,58981
close,85,59004
close,77,59124
close,81,59589
close,82,59623
close,80,60675
close,83,60797
read,93,22660
read,94,23679
read,95,24196
read,91,24576
read,87,24980
read,92,25127
read,90,25519
read,86,25583
read,88,26056
read,89,26127
write,95,45363
write,93,45603
write,94,45727
write,91,46957
write,89,47015
write,92,47293
write,88,48119
write,90,48168
write,96,51571
open,88,53676
open,91,54106
open,92,55092
open,95,55525
open,90,55624
open,93,55879
open,89,56183
open,94,56535
open,96,56801
open,87,58645
close,91,57527
close,95,57994
close,93,58068
close,94,58754
close,90,58822
close,92,59577
close,87,59994
close,88,60185
close,89,60228
close,86,64374
read,101,21035
read,99,22466
read,103,22746
read,105,23470
read,97,23534
read,96,24180
read,98,24526
read,104,24851
read,102,25891
read,100,30175
write,106,42427
write,100,44812
write,102,45472
write,97,45760
write,99,45779
write,101,46144
write,104,46290
write,98,46622
write,105,46731
write,103,49261
open,100,53437
open,105,53499
open,103,53794
open,102,54804
open,101,54994
open,97,55176
open,99,55986
open,98,56031
open,104,56371
close,103,55999
close,99,58818
close,101,58879
close,97,59347
close,100,59458
close,98,59497
close,105,59541
close,96,59580
close,104,62800
close,102,62850
read,111,22793
read,110,23060
read,112,23282
read,107,23500
read,106,24004
read,109,24018
read,108,24200
read,114,24826
read,115,25256
read,113,26479
write,107,41909
write,108,43336
write,110,43429
write,114,44151
write,112,44440
write,109,44894
write,116,45100
write,113,45716
write,111,46276
write,115,55916
open,113,52905
open,107,53128
open,110,53256
open,109,54564
open,106,54848
open,112,55127
open,108,55152
open,115,55310
open,111,55676
open,114,55688
close,112,57102
close,107,57245
close,109,57979
close,114,58242
close,111,59016
close,113,59698
close,108,60244
close,106,60575
close,110,61935
read,117,23661
read,123,23686
read,124,24262
read,116,24370
read,122,24512
read,119,24527
read,118,24690
read,120,24755
read,121,25412
write,120,41879
write,122,43924
write,118,44803
write,117,44857
write,124,45003
write,121,45796
write,119,45892
write,123,46228
write,125,47122
write,126,47970
open,117,53187
open,116,53567
open,118,53809
open,119,54136
open,120,54242
open,124,54878
open,123,55150
open,121,56390
open,122,56741
open,125,57923
close,123,55846
close,118,56733
close,115,56740
close,121,56929
close,117,57254
close,119,58015
close,116,58266
close,120,59162
close,122,60254
close,124,61686
read,134,22976
read,131,23080
read,133,23842
read,130,23922
read,125,24167
read,126,24943
read,129,30174
read,132,30885
read,128,33011
read,127,39167
write,134,44156
write,132,45000
write,133,45562
write,127,45749
write,131,48465
write,135,49775
write,130,57171
write,129,58387
write,128,64599
open,133,53702
open,131,54624
open,132,55265
open,126,55557
open,134,56325
open,130,59997
open,129,60302
open,128,61408
open,127,75807
close,131,54158
close,130,56440
close,133,57562
close,132,58465
close,125,60688
close,129,67035
close,128,67248
close,134,69786
close,127,76796
close,126,83875
read,141,22199
read,138,22386
read,143,22388
read,142,23211
read,139,23915
read,135,23938
read,140,23978
read,137,24144
read,144,24569
read,136,24845
write,140,40597
write,142,41965
write,139,42663
write,141,42765
write,143,42985
write,144,43034
write,136,43206
write,138,43228
write,145,43596
write,137,54225
open,141,51726
open,143,52437
open,139,53316
open,135,55237
open,144,55364
open,137,55560
open,140,55764
open,142,57928
open,138,66338
open,136,88380
close,135,57219
close,143,57723
close,141,58351
close,138,58995
close,142,59264
close,140,59366
close,139,59794
close,137,59848
close,136,61198
read,146,23273
read,152,23879
read,149,24077
read,147,24376
read,145,24392
read,150,24535
read,148,24730
read,151,24924
read,153,25138
write,147,42350
write,148,42394
write,146,43632
write,153,43895
write,154,43973
write,151,44814
write,150,44905
write,149,45236
write,152,45555
write,155,45683
open,153,52992
open,151,53006
open,145,54077
open,146,54457
open,148,54495
open,149,54576
open,152,55326
open,147,55474
open,154,56343
open,150,58173
close,146,56431
close,149,56625
close,152,56855
close,148,56932
close,151,57790
close,150,58323
close,145,58413
close,144,58884
close,147,59014
close,153,59706
read,158,23145
read,160,23193
read,155,23983
read,154,24574
read,162,24845
read,157,24983
read,161,25195
read,156,25881
read,163,26522
read,159,41358
write,164,43254
write,162,44696
write,159,45798
write,158,46261
write,161,46878
write,156,46970
write,163,48146
write,157,48772
write,160,50303
open,161,52124
open,163,54677
open,158,55440
open,157,55542
open,155,55722
open,160,56507
open,164,56534
open,159,56646
open,156,62615
open,162,69916
close,162,57759
close,161,58085
close,157,58135
close,160,58318
close,154,58372
close,163,58787
close,158,59076
close,156,60282
close,159,61240
close,155,76137
read,164,23826
read,173,24114
read,165,24540
read,172,25020
read,170,25380
read,171,25459
read,169,25610
read,167,25885
read,168,26520
read,166,40041
write,165,42575
write,171,44258
write,166,44678
write,172,45502
write,173,45619
write,170,45843
write,168,45953
write,174,46109
write,167,46972
write,169,49426
open,173,53509
open,165,53526
open,169,54054
open,170,54205
open,167,54789
open,171,54985
open,172,55778
open,168,56558
open,166,57819
close,165,55613
close,164,57624
close,170,57842
close,172,58406
close,166,58971
close,169,59176
close,167,59282
close,168,59401
close,171,59595
close,173,61278
read,174,20796
read,180,22216
read,178,22739
read,182,22954
read,177,23195
read,175,23224
read,176,23619
read,179,24250
read,183,24729
read,181,31789
write,184,42592
write,183,43333
write,179,43430
write,176,43822
write,175,43841
write,177,44896
write,180,45191
write,182,45864
write,178,46342
write,181,54474
open,176,50631
open,178,52599
open,181,52679
open,183,53384
open,175,53397
open,182,53596
open,180,54586
open,179,54874
open,177,55285
open,174,55374
close,182,56389
close,178,56737
close,180,57603
close,174,57937
close,176,59206
close,179,59933
close,177,60014
close,181,63151
close,175,67837
read,184,22542
read,185,23669
read,191,26279
read,187,26468
read,192,26695
read,188,26812
read,189,26848
read,186,26976
read,190,27427
write,186,41043
write,185,43110
write,194,43755
write,189,44999
write,188,46298
write,192,48166
write,190,48189
write,193,48653
write,191,48942
write,187,49411
open,185,53256
open,192,55925
open,184,56851
open,191,57397
open,193,57867
open,187,58425
open,188,58433
open,189,58545
open,186,66906
open,190,71489
close,184,57051
close,192,58201
close,190,58480
close,191,59377
close,186,62266
close,187,62283
close,189,62317
close,188,63337
close,185,73059
close,183,83142
read,193,24709
read,198,24732
read,197,24824
read,202,25139
read,200,25400
read,201,25630
read,199,25685
read,196,26466
read,195,27055
read,194,27586
write,195,45133
write,198,45177
write,200,46177
write,199,46312
write,202,46574
write,196,46999
write,197,47331
write,203,48233
write,201,48768
open,197,54443
open,199,54615
open,201,56077
open,200,56225
open,203,56985
open,196,57440
open,194,57731
open,195,57888
open,198,59161
open,202,65388
close,193,57595
close,198,58329
close,196,58776
close,200,59416
close,194,59767
close,197,62212
close,195,62346
close,201,62929
close,202,62976
close,199,64632
read,209,22809
read,203,25141
read,205,25541
read,210,25580
read,211,25905
read,212,26109
read,208,26294
read,207,26333
read,206,27609
read,204,31188
write,204,41424
write,210,45365
write,206,46241
write,205,46577
write,209,46705
write,207,46791
write,212,47030
write,211,47303
write,213,48968
write,208,59492
open,210,53569
open,207,55848
open,208,56559
open,206,56994
open,209,57077
open,211,57277
open,205,59519
open,212,59625
open,204,83303
close,203,58494
close,206,58932
close,208,60571
close,212,60705
close,207,60807
close,209,61579
close,211,62628
close,205,62783
close,204,65259
close,210,73737
read,219,23369
read,213,23790
read,220,23812
read,216,24699
read,222,24799
read,221,25305
read,215,26378
read,218,27152
read,214,27436
read,217,28215
write,223,42923
write,222,43163
write,214,46227
write,215,47768
write,218,48527
write,217,48766
write,221,57758
write,216,61417
write,220,68044
write,219,80218
open,222,53667
open,215,54245
open,221,56741
open,217,56763
open,213,56881
open,216,58590
open,214,59924
open,219,69087
open,218,72841
open,220,75048
close,221,57984
close,214,58365
close,215,59365
close,216,59434
close,213,60322
close,220,60424
close,218,65001
close,219,78822
close,217,79521
read,229,23570
read,231,23724
read,223,24003
read,227,24761
read,226,25065
read,228,25521
read,225,26593
read,230,31804
read,224,34853
write,228,42884
write,224,44540
write,229,45245
write,227,45271
write,230,46240
write,231,46523
write,232,47156
write,225,47259
write,226,48747
write,233,49081
open,223,52174
open,224,52236
open,230,53469
open,227,53947
open,231,54769
open,232,55231
open,228,55676
open,229,56201
open,226,57678
open,225,69259
close,222,54336
close,223,56846
close,228,58525
close,226,58734
close,229,58739
close,227,58935
close,230,60229
close,231,60347
close,225,62479
close,224,89687
read,233,24447
read,238,24529
read,235,25031
read,239,25093
read,240,25261
read,232,25360
read,234,25648
read,236,26310
read,237,26441
read,241,27402
write,241,45256
write,236,46818
write,237,46877
write,240,46892
write,238,47767
write,235,47785
write,239,48000
write,234,48189
write,242,64518
open,237,54028
open,239,55114
open,238,55539
open,240,56110
open,235,56246
open,241,56749
open,236,57358
open,242,57508
open,234,61677
open,233,62624
close,236,58474
close,233,60549
close,239,60894
close,232,61273
close,241,61414
close,238,61522
close,237,61802
close,235,62057
close,240,62483
close,234,62661
read,242,23716
read,246,24389
read,247,24643
read,244,25597
read,248,25860
read,243,26039
read,245,26077
read,251,26611
read,250,27398
read,249,28464
write,243,45214
write,245,45451
write,247,47431
write,249,47470
write,244,47538
write,251,48408
write,250,48434
write,248,49910
write,246,50362
write,252,51923
open,249,55491
open,245,55781
open,244,57184
open,250,57449
open,243,57530
open,247,58068
open,246,59507
open,251,61185
open,248,71960
close,244,58231
close,242,59724
close,243,60351
close,248,61270
close,249,61303
close,246,62365
close,247,62567
close,250,63241
close,251,64203
close,245,65287
read,256,22674
read,260,22965
read,258,23654
read,257,24166
read,261,24701
read,255,25393
read,259,25632
read,254,26374
read,253,26418
read,252,26908
write,257,46447
write,253,46498
write,259,46891
write,255,48438
write,262,49703
write,258,50034
write,254,50231
write,256,51159
write,260,53592
write,261,55439
open,258,54830
open,259,55858
open,260,56685
open,261,57461
open,254,57807
open,256,57905
open,255,57966
open,253,58722
open,252,60560
open,257,66183
close,256,60441
close,258,60870
close,257,61151
close,252,61917
close,255,62354
close,254,62644
close,259,63522
close,253,63535
close,260,69072
read,267,23394
read,262,23458
read,265,23633
read,263,23709
read,266,24264
read,264,24455
read,269,25996
read,268,26211
read,271,26704
read,270,26948
write,271,47047
write,267,47155
write,263,47765
write,272,50604
write,270,51498
write,269,52446
write,265,52960
write,264,53293
write,268,57063
write,266,74084
open,265,55433
open,266,56504
open,268,56609
open,269,56844
open,263,57016
open,262,57719
open,271,57873
open,270,58055
open,264,58721
open,267,61423
close,265,57437
close,270,58339
close,264,58976
close,261,59003
close,263,60260
close,268,60471
close,267,60911
close,266,61022
close,269,61371
close,262,70574
read,275,23654
read,277,23708
read,276,24171
read,273,24570
read,280,24576
read,272,24862
read,278,25283
read,279,26164
read,274,28062
write,279,45137
write,278,46661
write,274,47142
write,273,48675
write,281,49136
write,277,49603
write,282,51160
write,280,52372
write,276,53348
write,275,61196
open,277,54871
open,276,56777
open,273,57819
open,279,58887
open,281,58906
open,278,59339
open,275,60059
open,280,60117
open,274,70337
open,272,71514
close,272,58956
close,278,59534
close,276,59814
close,277,60256
close,271,60897
close,275,62177
close,273,62918
close,274,63292
close,280,63585
close,279,67879
read,282,24830
read,284,25253
read,285,25272
read,283,25856
read,288,27441
read,290,28314
read,289,28812
read,287,29079
read,286,30893
read,281,36446
write,283,45899
write,286,48062
write,291,50696
write,290,51444
write,285,51537
write,287,55050
write,288,56624
write,289,56898
write,284,66045
open,285,57024
open,282,58522
open,283,58802
open,289,59048
open,284,59665
open,288,61905
open,290,62312
open,291,62854
open,287,64197
open,286,66496
close,282,60220
close,281,61175
close,284,62169
close,283,62632
close,289,63915
close,288,65782
close,287,67831
close,286,68464
close,285,75968
close,290,88819
read,296,25271
read,291,25866
read,300,25966
read,297,26423
read,298,26559
read,293,26904
read,295,27104
read,299,27775
read,294,28560
read,292,29231
write,297,50090
write,299,50326
write,298,50616
write,292,51408
write,294,51420
write,295,52235
write,301,54089
write,296,54115
write,293,55563
write,300,56022
open,296,56032
open,293,56296
open,295,57268
open,298,57481
open,300,57634
open,299,58427
open,294,59651
open,292,59938
open,297,67420
close,296,59376
close,297,59459
close,292,59716
close,295,60195
close,299,61337
close,291,61567
close,298,61866
close,300,63625
close,294,64337
close,293,65746
read,304,24210
read,306,24725
read,305,24895
read,307,25059
read,309,25444
read,301,25561
read,302,25633
read,308,25886
read,310,27381
read,303,32759
write,303,45012
write,302,48721
write,307,49079
write,311,49225
write,306,49892
write,310,50629
write,305,50924
write,308,55042
write,309,57492
write,304,64349
open,308,55849
open,301,57431
open,304,57950
open,305,58582
open,307,58845
open,306,58993
open,302,59261
open,303,59291
open,310,59411
open,309,60049
close,307,60310
close,303,60356
close,306,60409
close,309,60693
close,304,61066
close,302,61480
close,308,61878
close,305,62014
close,301,63384
read,315,22725
read,313,22981
read,314,23928
read,317,24233
read,312,25443
read,311,25984
read,319,32069
read,316,35548
read,318,39096
write,318,44737
write,314,49516
write,317,52016
write,315,52140
write,313,52768
write,316,53520
write,312,58010
write,320,58889
write,319,75192
open,313,55448
open,315,57323
open,316,58067
open,312,59767
open,311,59805
open,317,61269
open,319,62919
open,320,64756
open,314,64850
open,318,72954
close,317,59357
close,312,60544
close,315,61545
close,313,62391
close,311,62544
close,310,62837
close,314,63384
close,319,68587
close,316,77235
close,318,82090
read,325,24706
read,322,25284
read,323,25495
read,329,25939
read,324,26334
read,326,26524
read,321,26606
read,328,26748
read,327,27606
read,320,33882
write,323,43772
write,322,46386
write,326,46738
write,330,48541
write,327,48941
write,325,50816
write,329,52459
write,328,54566
write,324,56057
write,321,56914
open,326,53220
open,328,54259
open,324,56789
open,327,57587
open,329,58994
open,325,59351
open,321,60635
open,323,73421
open,322,79566
close,325,57260
close,327,58290
close,321,60285
close,329,60606
close,324,61401
close,323,64629
close,328,66753
close,320,68238
close,326,83943
close,322,89388
read,339,24189
read,330,24257
read,331,24463
read,336,25069
read,337,25197
read,338,25361
read,335,25676
read,332,25774
read,333,26332
read,334,29943
write,331,46690
write,335,49692
write,334,50528
write,338,51034
write,332,52108
write,333,52165
write,339,52586
write,340,52924
write,337,54667
write,336,55110
open,331,55456
open,338,55889
open,334,55907
open,336,55930
open,333,55993
open,332,56524
open,339,56872
open,337,57336
open,330,57403
open,335,58653
close,330,58127
close,338,59483
close,332,59753
close,333,60011
close,337,60420
close,336,60746
close,335,60924
close,334,61929
close,331,66412
read,340,23188
read,346,23576
read,343,23588
read,341,23972
read,348,24198
read,347,24644
read,345,25007
read,344,25328
read,342,40897
write,350,47768
write,343,48338
write,346,48614
write,347,50335
write,342,50454
write,349,51978
write,345,53042
write,341,54977
write,348,55500
write,344,58123
open,346,55817
open,348,57401
open,341,57649
open,340,57743
open,345,58699
open,349,61999
open,342,67515
open,344,69001
open,347,69686
open,343,81087
close,339,59488
close,345,60587
close,341,60672
close,340,61220
close,342,61659
close,346,61868
close,343,63404
close,344,66096
close,348,66547
close,347,75330
read,355,23199
read,352,23221
read,354,23265
read,351,23732
read,356,24289
read,350,24346
read,353,24427
read,357,24831
read,358,26202
read,349,27488
write,355,44049
write,354,44651
write,351,45552
write,359,46719
write,358,46930
write,353,48677
write,356,48877
write,357,49307
write,352,51619
open,358,53981
open,354,54603
open,353,55453
open,356,55721
open,355,55940
open,352,56747
open,351,57294
open,359,58343
open,350,58786
open,357,60357
close,355,59158
close,351,59562
close,357,60236
close,354,61165
close,353,61302
close,356,61369
close,352,61587
close,358,63164
close,349,63790
close,350,65434
read,361,22847
read,360,23309
read,365,23353
read,362,23892
read,367,23928
read,366,24031
read,364,24054
read,363,24417
read,359,26149
read,368,26958
write,367,43362
write,363,43892
write,362,44586
write,366,45840
write,360,48733
write,365,49773
write,361,50807
write,368,51087
write,369,52313
write,364,56093
open,364,54391
open,368,55048
open,366,55372
open,367,55888
open,365,56008
open,360,57434
open,361,57966
open,362,58226
open,363,58779
close,365,56814
close,361,57027
close,367,59505
close,359,59510
close,366,59962
close,363,60088
close,364,60773
close,360,61441
close,368,63514
close,362,76833
read,370,24793
read,377,24907
read,371,25332
read,374,25474
read,375,25657
read,369,25711
read,373,26021
read,372,26616
read,378,26687
read,376,27024
write,379,47080
write,375,47267
write,370,47329
write,371,48068
write,378,50430
write,372,51671
write,374,51889
write,373,54077
write,376,54140
write,377,54496
open,372,55780
open,373,56598
open,371,56679
open,369,57051
open,376,57172
open,374,57395
open,375,57706
open,370,58164
open,378,61713
open,377,69133
close,375,58869
close,371,59457
close,374,61228
close,377,61626
close,370,61722
close,378,62571
close,373,62892
close,369,63442
close,376,64078
close,372,64405
read,379,24523
read,384,25001
read,382,25026
read,381,25475
read,380,26191
read,383,26354
read,386,26775
read,388,27092
read,387,27248
read,385,40540
write,382,47611
write,383,48039
write,386,48130
write,385,51013
write,381,51208
write,389,51522
write,387,51992
write,384,52067
write,380,52680
write,388,54188
open,379,54203
open,380,54779
open,383,54913
open,385,55647
open,382,55697
open,388,55754
open,384,56439
open,381,58118
open,387,58489
open,386,62038
close,381,56005
close,379,57576
close,383,57836
close,387,58802
close,384,59417
close,380,59856
close,382,60201
close,386,61534
close,385,65024
read,397,21865
read,393,22200
read,392,22269
read,391,22783
read,395,23212
read,396,23718
read,394,24730
read,390,25402
read,389,28077
write,395,45372
write,394,49081
write,390,49323
write,398,49917
write,391,51567
write,396,53316
write,393,53684
write,392,53904
write,397,55148
write,399,68647
open,391,55046
open,390,56141
open,394,56464
open,392,56908
open,389,56941
open,396,57374
open,398,57846
open,395,57998
open,393,60759
open,397,62111
close,391,57854
close,389,58551
close,390,58870
close,395,59299
close,393,59695
close,394,59732
close,388,60317
close,392,60344
close,396,60432
close,397,61295
read,401,22387
read,399,23131
read,400,23365
read,403,24180
read,405,24189
read,406,24358
read,404,24701
read,407,25142
read,402,25354
read,398,27294
write,407,44156
write,406,44829
write,403,45743
write,402,46472
write,405,48057
write,400,48843
write,401,49084
write,408,50463
write,404,58555
open,405,52849
open,400,53540
open,403,55812
open,404,55840
open,408,56427
open,399,60890
open,407,64286
open,406,68489
open,402,69484
open,401,71462
close,405,56364
close,400,56838
close,403,57726
close,399,58092
close,402,59150
close,404,59795
close,407,60046
close,401,61362
close,398,66162
close,406,72427
read,412,23458
read,410,23964
read,414,24012
read,409,24372
read,411,24738
read,413,24758
read,416,24912
read,415,24936
read,408,25472
read,417,26324
write,410,44353
write,414,45100
write,418,45156
write,411,45461
write,413,46926
write,415,47578
write,409,48577
write,412,51302
write,416,51447
write,417,166536
open,414,52845
open,416,53459
open,415,55247
open,410,55273
open,409,55811
open,411,56828
open,417,57088
open,412,59566
open,413,67471
close,417,58281
close,413,59714
close,409,59757
close,414,60015
close,416,60333
close,410,60444
close,412,60565
close,415,61694
close,408,61932
close,411,84145
read,425,25154
read,424,25534
read,423,25702
read,426,26616
read,422,27317
read,419,27486
read,421,35012
read,418,38780
read,420,41308
write,426,46792
write,427,48298
write,423,48386
write,424,50674
write,428,52052
write,425,52305
write,421,54468
write,420,57840
write,419,65973
write,422,73250
open,426,54854
open,425,55319
open,418,55910
open,424,55942
open,423,56267
open,420,60532
open,427,63689
open,419,72834
open,422,73702
open,421,78040
close,426,57119
close,424,57314
close,423,58468
close,425,58670
close,422,59891
close,421,64413
close,420,70313
close,419,77389
close,418,84882
read,431,22242
read,432,22529
read,430,22836
read,429,23278
read,428,23290
read,433,23310
read,434,23504
read,435,23699
read,427,24381
read,436,24913
write,430,44453
write,431,44710
write,434,46289
write,435,47565
write,436,48684
write,437,49991
write,433,50230
write,429,51617
write,432,52079
open,436,53954
open,429,55076
open,435,55857
open,433,55957
open,430,56807
open,434,57479
open,432,57711
open,437,58224
open,431,62960
open,428,63272
close,429,57622
close,434,57922
close,431,58155
close,427,58424
close,435,58570
close,433,58604
close,428,60085
close,430,60136
close,432,61059
close,436,61094
read,443,23413
read,437,23960
read,442,24063
read,439,24337
read,441,24365
read,438,24848
read,445,25028
read,444,25146
read,440,25409
read,446,26924
write,438,39725
write,442,41910
write,443,44064
write,446,45726
write,447,47538
write,441,48874
write,440,51938
write,439,55657
write,445,56309
write,444,57032
open,442,53862
open,438,53972
open,444,54107
open,441,54867
open,440,54958
open,443,55147
open,446,55531
open,445,55600
open,439,55893
close,443,57335
close,439,58602
close,437,58977
close,444,58991
close,438,59361
close,441,59527
close,440,59586
close,445,59647
close,446,61346
close,442,61372
read,447,23733
read,451,24674
read,455,24780
read,450,25145
read,453,25342
read,449,25616
read,448,25745
read,452,26500
read,456,27066
read,454,27481
write,450,44068
write,454,45412
write,451,46656
write,455,47263
write,453,48843
write,449,49750
write,452,49867
write,457,52396
write,456,52790
write,448,59464
open,453,53639
open,452,54675
open,456,55118
open,450,55606
open,454,55612
open,451,55616
open,449,55720
open,448,56314
open,447,57604
open,455,60430
close,449,56879
close,447,57937
close,455,58300
close,452,58810
close,448,59527
close,450,59898
close,453,60389
close,456,60598
close,454,63742
close,451,76019
read,465,24765
read,462,24880
read,457,25190
read,463,25316
read,464,25812
read,458,26008
read,459,26045
read,461,26050
read,466,26235
read,460,26869
write,459,46351
write,462,46405
write,458,46773
write,463,46844
write,467,47915
write,466,48311
write,460,49810
write,464,52307
write,465,53653
write,461,54696
open,463,53468
open,465,53737
open,466,53813
open,464,54048
open,461,55003
open,459,55612
open,462,55849
open,460,56453
open,457,57382
open,458,63877
close,464,57054
close,458,58115
close,461,58396
close,457,58454
close,463,58644
close,465,58672
close,462,58948
close,459,59277
close,460,62866
read,467,24573
read,469,25244
read,468,25302
read,473,25926
read,474,25987
read,471,26545
read,475,26836
read,472,27819
read,470,32773
write,475,46989
write,471,47186
write,470,47602
write,474,47723
write,468,48390
write,472,50741
write,469,50769
write,473,51235
write,476,52522
write,477,82713
open,475,53603
open,469,53834
open,467,55007
open,471,55333
open,472,55608
open,473,55910
open,468,56496
open,470,56692
open,476,58791
open,474,70856
close,467,56817
close,473,57189
close,470,57553
close,468,58556
close,471,59088
close,475,59203
close,472,59452
close,474,59602
close,466,59819
close,469,66729
read,477,22223
read,479,22646
read,483,22814
read,478,23712
read,481,24055
read,484,24154
read,482,24567
read,476,26866
read,480,35969
read,485,37473
write,478,47597
write,486,47917
write,483,48539
write,479,49052
write,484,49348
write,482,50219
write,480,51443
write,485,51699
write,481,55086
open,483,51958
open,484,54543
open,481,54932
open,477,55432
open,482,56118
open,478,56817
open,479,57666
open,485,59078
open,486,59098
open,480,63961
close,479,54714
close,477,55712
close,483,56036
close,476,58837
close,478,59437
close,482,60097
close,481,61016
close,480,62054
close,484,63393
close,485,67058
read,491,22140
read,490,23021
read,488,23912
read,487,24039
read,489,24318
read,495,24999
read,494,25642
read,492,25755
read,493,25983
read,486,26072
write,490,44936
write,494,45190
write,491,46143
write,488,46328
write,492,47748
write,489,47800
write,496,47873
write,493,49767
write,487,55729
write,495,97210
open,489,52512
open,492,52547
open,488,53721
open,493,54240
open,495,54274
open,487,54634
open,491,54799
open,490,57417
open,494,57841
close,492,56046
close,487,56899
close,495,56905
close,491,57407
close,488,58530
close,490,58672
close,493,59483
close,494,59633
close,486,61312
close,489,65945
read,497,24082
read,501,24096
read,496,24455
read,502,24706
read,500,25006
read,505,25807
read,504,25913
read,498,27004
read,503,27333
read,499,27714
write,498,43254
write,502,44781
write,499,46115
write,506,46283
write,503,47596
write,500,47624
write,504,48929
write,497,49305
write,501,49521
write,505,50734
open,502,53277
open,497,53350
open,501,53464
open,505,53796
open,498,54200
open,503,54931
open,496,55158
open,500,55282
open,499,55316
open,504,55683
close,504,56765
close,497,56816
close,501,58054
close,502,58649
close,500,59742
close,496,59898
close,498,63286
close,499,64170
close,503,64733
read,508,23929
read,506,24071
read,507,24731
read,513,24957
read,514,25109
read,510,25536
read,511,25762
read,512,25819
read,509,39614
write,507,48928
write,508,50139
write,511,50171
write,509,50762
write,513,51881
write,514,52270
write,512,52442
write,515,52698
write,516,53291
write,510,78311
open,508,52647
open,509,52917
open,507,53527
open,513,54710
open,512,56810
open,514,56847
open,515,57106
open,506,57146
open,511,57863
open,510,61893
close,510,56926
close,505,57737
close,508,58384
close,512,58852
close,506,59150
close,507,59335
close,511,59444
close,513,64914
close,509,66983
close,514,76974
read,522,24005
read,523,24054
read,524,24711
read,517,24714
read,516,24719
read,515,25068
read,519,25783
read,521,26123
read,518,33101
read,520,35338
write,523,51149
write,524,51749
write,518,52443
write,517,52810
write,519,53851
write,521,56735
write,522,60290
write,520,62281
write,525,81335
open,523,53476
open,517,54055
open,516,56547
open,522,57367
open,524,58478
open,518,58639
open,519,77328
open,521,77958
open,520,82840
close,515,55893
close,522,57334
close,516,57422
close,523,58848
close,524,60459
close,517,60770
close,521,62139
close,519,62904
close,518,78831
close,520,81969
read,526,21518
read,527,23738
read,534,24146
read,528,24236
read,531,24312
read,530,24784
read,525,25021
read,533,25600
read,532,26540
read,529,39055
write,527,45814
write,530,46575
write,532,46876
write,528,47151
write,529,47580
write,535,47873
write,531,49011
write,534,49178
write,533,49489
write,526,53187
open,525,52486
open,534,52762
open,529,53582
open,526,54008
open,528,54086
open,533,54485
open,530,54989
open,532,55048
open,531,55267
open,527,57984
close,527,57241
close,532,57372
close,526,57846
close,529,57848
close,533,57971
close,528,58255
close,525,58791
close,531,60021
close,530,90284
read,535,23401
read,544,23799
read,536,24144
read,540,24889
read,543,24914
read,539,25572
read,542,25937
read,541,26356
read,537,27893
read,538,31194
write,536,46075
write,537,46670
write,541,48174
write,545,49062
write,538,49123
write,542,51247
write,543,51415
write,540,51480
write,544,52516
write,539,78389
open,543,51791
open,544,52494
open,540,54594
open,539,55515
open,535,55667
open,537,55847
open,541,55858
open,542,58155
open,536,69202
open,538,142749
close,534,55563
close,542,56513
close,537,56761
close,536,56910
close,543,57136
close,535,57445
close,540,59156
close,539,59527
close,541,60639
close,538,71405
read,547,22018
read,550,23753
read,553,23768
read,552,23946
read,551,24129
read,548,24262
read,549,25049
read,546,25394
read,545,26438
write,548,49036
write,554,49148
write,546,49587
write,552,51420
write,547,51567
write,555,51953
write,553,52408
write,550,52720
write,551,52851
write,549,52947
open,548,53756
open,552,54256
open,553,54390
open,547,54947
open,545,56041
open,554,56894
open,550,57868
open,549,58326
open,546,58855
open,551,73751
close,552,56440
close,546,56953
close,551,57261
close,547,58862
close,550,59351
close,549,59387
close,545,59470
close,544,60319
close,553,67653
close,548,81812
read,559,22470
read,563,23498
read,554,23908
read,561,23937
read,555,24266
read,558,24404
read,562,24405
read,560,24892
read,556,25243
read,557,25342
write,561,47208
write,559,48304
write,562,48766
write,558,49183
write,563,49232
write,560,49469
write,556,49517
write,564,51314
write,557,51588
open,562,53813
open,561,54022
open,559,54664
open,560,54993
open,555,55812
open,557,56530
open,558,56976
open,563,57059
open,556,59326
open,564,68696
close,558,56623
close,562,57114
close,555,57204
close,561,57567
close,554,58491
close,556,59101
close,559,59104
close,560,59190
close,557,59216
close,563,59878
read,570,22042
read,573,22468
read,566,22701
read,564,22762
read,571,23099
read,568,23119
read,567,23161
read,572,23396
read,565,24618
read,569,47642
write,566,47701
write,568,48331
write,572,48631
write,565,49113
write,571,49256
write,570,50161
write,567,50354
write,574,51000
write,569,54672
write,573,65409
open,567,51444
open,573,54189
open,568,54753
open,571,55126
open,570,55563
open,565,56108
open,572,56508
open,569,57312
open,566,60734
close,566,57758
close,573,58550
close,567,59166
close,564,59350
close,569,59475
close,570,59641
close,571,60595
close,572,61206
close,568,61844
close,565,61917
read,575,21387
read,582,22784
read,576,22892
read,583,23584
read,577,23694
read,581,23761
read,578,24704
read,579,25492
read,580,36226
read,574,39572
write,576,44271
write,584,46722
write,582,47745
write,578,48180
write,577,48205
write,580,49215
write,575,49231
write,581,49685
write,583,49946
write,579,50503
open,575,54414
open,583,54725
open,580,55188
open,576,55508
open,581,55967
open,579,56175
open,577,56281
open,574,56360
open,582,56378
open,578,59680
close,582,57182
close,577,58619
close,581,58912
close,576,59052
close,580,59637
close,579,60233
close,575,61307
close,578,61928
close,574,69293
read,589,22512
read,586,22825
read,584,23734
read,590,23892
read,592,24498
read,591,24617
read,588,25201
read,587,25492
read,585,31607
write,590,46636
write,588,46821
write,591,47533
write,593,48559
write,592,48777
write,585,49107
write,594,49280
write,589,49437
write,587,50423
write,586,56175
open,589,52180
open,591,52500
open,585,52657
open,592,53585
open,590,54291
open,593,54696
open,588,55252
open,587,55858
open,584,58636
open,586,61216
close,583,55929
close,591,56592
close,592,56954
close,588,57189
close,590,57261
close,586,57509
close,584,57510
close,587,57895
close,589,59778
close,585,66960
read,593,22963
read,595,23189
read,596,24080
read,599,24133
read,600,24161
read,602,25022
read,598,25102
read,594,25303
read,597,26543
read,601,26690
write,600,48740
write,595,48776
write,601,50015
write,604,50064
write,603,50116
write,597,50229
write,599,50510
write,598,51612
write,602,52760
write,596,79792
open,601,53412
open,600,53446
open,598,53584
open,594,55339
open,599,55403
open,603,55929
open,596,56066
open,602,57305
open,597,57461
open,595,61734
close,602,55703
close,594,58070
close,596,58340
close,600,59091
close,599,59382
close,598,59675
close,601,60091
close,595,60968
close,593,62244
close,597,62876
read,612,23584
read,605,23960
read,603,24105
read,606,25009
read,608,27998
read,607,29991
read,610,31025
read,604,31234
read,611,37736
read,609,42282
write,607,49330
write,606,50152
write,608,53933
write,613,55009
write,611,56806
write,609,57947
write,610,67066
write,612,68044
write,605,87567
open,607,55557
open,604,55706
open,606,56855
open,609,61659
open,611,63043
open,605,63549
open,610,65215
open,612,65486
open,608,69325
close,606,56744
close,612,59650
close,605,59755
close,603,60895
close,608,61753
close,610,72622
close,611,75533
close,609,76507
close,607,76618
close,604,103178
read,614,23649
read,616,23701
read,613,25374
read,618,25682
read,615,25750
read,620,26482
read,619,26821
read,621,28189
read,622,28604
read,617,33417
write,618,48756
write,614,49054
write,615,49593
write,616,49724
write,617,51266
write,619,51550
write,621,52867
write,623,53226
write,620,53338
write,622,54315
open,613,56941
open,614,56978
open,615,57949
open,616,58162
open,619,58517
open,618,59003
open,617,59416
open,620,60079
open,622,62840
open,621,65500
close,613,58643
close,616,59683
close,618,59792
close,619,59829
close,614,61093
close,617,61381
close,615,62875
close,621,64250
close,620,79886
read,630,24868
read,629,26077
read,626,26357
read,631,27500
read,624,27729
read,628,28342
read,627,28539
read,625,29194
read,623,34152
write,625,52737
write,624,52921
write,629,53485
write,627,53534
write,630,53663
write,631,54446
write,626,54568
write,633,55399
write,628,55429
write,632,56377
open,627,59268
open,625,59586
open,624,60671
open,629,61214
open,628,61272
open,631,61309
open,630,61595
open,632,63294
open,626,64366
open,623,64556
close,630,60176
close,622,62593
close,624,62736
close,623,62943
close,628,62955
close,629,63200
close,625,64081
close,631,65418
close,627,66658
close,626,69650
read,632,26167
read,637,26636
read,634,26645
read,636,27176
read,633,27653
read,638,27714
read,639,28463
read,635,28912
read,641,30787
read,640,53000
write,634,53271
write,637,55848
write,635,55974
write,641,57216
write,640,57355
write,638,58266
write,636,58587
write,639,58984
write,642,59468
open,639,57830
open,637,58853
open,633,60577
open,634,61043
open,640,61202
open,635,61419
open,638,62048
open,636,62672
open,642,63640
open,641,65343
close,634,62464
close,640,62970
close,633,63761
close,638,63964
close,641,64523
close,636,66175
close,637,66511
close,635,66944
close,639,68533
close,632,74276
read,650,24258
read,651,24554
read,644,27401
read,647,27483
read,645,27602
read,642,28082
read,646,29175
read,648,29931
read,649,36580
read,643,38108
write,650,50416
write,643,51717
write,652,52816
write,644,53119
write,647,53989
write,648,54289
write,651,55435
write,646,56105
write,649,57406
write,645,63531
open,649,56357
open,651,56713
open,650,57791
open,645,61191
open,643,61514
open,644,61689
open,646,62390
open,647,63577
open,648,68569
close,650,59646
close,646,61872
close,645,61986
close,651,62179
close,642,62209
close,648,62613
close,643,64162
close,644,64519
close,649,65316
close,647,78140
read,654,23279
read,653,23883
read,657,24157
read,659,24305
read,652,24368
read,658,24710
read,656,24714
read,655,25066
read,661,26504
read,660,35467
write,660,49899
write,654,50640
write,656,51796
write,657,51821
write,661,52047
write,655,52521
write,658,52812
write,653,52818
write,662,53316
write,659,53447
open,659,51913
open,654,54938
open,661,55422
open,652,55985
open,655,56042
open,656,56970
open,660,57932
open,657,58254
open,653,58857
open,658,60772
close,652,57937
close,658,58903
close,659,60893
close,655,61160
close,653,61314
close,660,63866
close,657,66083
close,654,69318
close,656,72711
read,662,23321
read,666,23960
read,665,24628
read,669,24895
read,664,25432
read,670,25932
read,671,26029
read,668,26176
read,667,26853
read,663,27079
write,670,48273
write,667,48685
write,671,48854
write,665,49267
write,668,49391
write,666,49440
write,672,51587
write,669,51914
write,664,52298
write,663,52823
open,663,54012
open,665,56835
open,669,56967
open,664,57504
open,666,57734
open,670,57830
open,668,58072
open,662,59586
open,671,64182
open,667,69013
close,662,57246
close,666,57519
close,664,58171
close,668,58291
close,665,58961
close,661,59511
close,670,59871
close,669,59939
close,663,60565
close,667,62792
read,677,23842
read,672,24346
read,674,24728
read,676,25227
read,678,26676
read,673,30200
read,679,31434
read,680,36613
read,675,37039
write,676,49224
write,674,49413
write,678,50327
write,673,50846
write,681,51346
write,677,51361
write,680,51457
write,679,52422
write,682,55705
write,675,58730
open,678,53177
open,675,54585
open,681,55674
open,674,56058
open,679,57137
open,680,59088
open,676,59159
open,672,60144
open,673,61243
open,677,64631
close,677,56288
close,673,59185
close,679,59905
close,678,59906
close,676,60001
close,671,60398
close,674,60750
close,680,61873
close,675,62344
close,672,65415
read,682,23680
read,690,24007
read,688,24033
read,689,24978
read,681,25127
read,684,25157
read,686,25294
read,685,25989
read,683,26944
read,687,31388
write,688,46740
write,685,50903
write,689,51098
write,690,51336
write,691,51533
write,683,52005
write,687,52146
write,686,52862
write,684,53115
open,690,53237
open,691,54681
open,686,55869
open,685,56066
open,687,56479
open,689,56977
open,682,56988
open,684,57324
open,688,64435
open,683,68733
close,690,59339
close,688,59626
close,683,60879
close,686,61656
close,682,61794
close,687,61894
close,681,62499
close,685,62883
close,684,63007
close,689,72637
read,698,23177
read,695,23732
read,694,24090
read,700,24259
read,691,24434
read,696,24987
read,693,25105
read,699,25539
read,692,25616
read,697,27110
write,692,45162
write,693,47890
write,696,48751
write,699,50166
write,695,50720
write,701,51245
write,700,51994
write,697,52139
write,694,53474
write,698,54115
open,693,54988
open,700,55502
open,692,56609
open,696,57669
open,694,57735
open,699,57756
open,695,57815
open,698,59448
open,697,61686
close,694,56105
close,695,56541
close,696,59579
close,692,59813
close,700,59847
close,697,60802
close,693,61208
close,698,61410
close,691,62109
close,699,71992
read,709,23305
read,707,24194
read,708,24347
read,703,24549
read,704,24890
read,705,26318
read,702,26593
read,701,26616
read,706,28199
read,710,28806
write,705,48954
write,709,51129
write,710,51227
write,706,51570
write,704,52074
write,708,53197
write,703,62933
write,707,64832
write,711,73599
write,702,77082
open,709,54303
open,701,55322
open,703,55821
open,704,57677
open,708,59123
open,707,62396
open,705,71638
open,702,73564
open,706,74641
open,710,76770
close,704,59218
close,703,59657
close,708,61002
close,701,61502
close,707,64636
close,706,68122
close,705,74927
close,702,76487
close,709,76530
read,713,23991
read,718,24250
read,716,24529
read,719,24765
read,715,25220
read,714,26633
read,717,26760
read,712,27224
read,711,43413
write,715,47976
write,717,48959
write,719,49105
write,718,49196
write,714,49554
write,721,49744
write,716,49813
write,712,55461
write,713,58307
write,720,59796
open,717,53516
open,715,54758
open,714,54804
open,718,55075
open,720,55230
open,713,58086
open,716,58172
open,719,60057
open,711,66872
open,712,87312
close,714,56707
close,713,59432
close,719,60431
close,716,60734
close,718,61216
close,715,61780
close,717,61932
close,711,63862
close,710,63864
close,712,76663
read,722,22341
read,729,22965
read,725,22982
read,727,23282
read,724,23600
read,720,23983
read,721,24202
read,728,24779
read,726,24901
read,723,25327
write,727,48268
write,730,48725
write,729,48881
write,722,49245
write,724,49269
write,725,49435
write,723,50065
write,728,50419
write,726,50524
open,728,53055
open,729,53092
open,725,53155
open,730,53402
open,726,53879
open,727,54389
open,723,54920
open,724,55288
open,721,57753
open,722,65512
close,724,57319
close,728,58612
close,721,59315
close,722,59615
close,725,59769
close,723,61228
close,720,61332
close,729,61662
close,726,63910
close,727,66084
read,737,20585
read,731,22068
read,732,23098
read,735,23374
read,734,23737
read,738,24021
read,739,24772
read,736,25185
read,733,25373
read,730,38153
write,739,45743
write,735,47582
write,737,47741
write,740,47903
write,738,48725
write,731,48907
write,733,49088
write,732,49821
write,734,50977
write,736,51200
open,738,50870
open,735,52294
open,736,52673
open,731,54237
open,734,54634
open,739,54744
open,732,54978
open,733,55496
open,737,69641
close,734,56335
close,737,56344
close,738,57124
close,736,57797
close,735,58262
close,732,59065
close,733,59236
close,739,59423
close,731,61448
close,730,93194
read,744,22884
read,742,24253
read,740,24416
read,746,24614
read,745,24636
read,748,25300
read,743,25569
read,749,26017
read,747,26053
read,741,26339
write,741,47423
write,745,48381
write,747,49338
write,743,49727
write,742,50304
write,749,50480
write,746,50616
write,744,51342
write,748,52606
write,750,53303
open,745,51503
open,749,52292
open,740,52772
open,743,54192
open,744,54483
open,741,54610
open,748,55317
open,747,57464
open,742,57806
open,746,63217
close,746,56101
close,744,56534
close,740,56698
close,745,56833
close,742,57619
close,748,58080
close,749,58869
close,743,59116
close,741,59388
close,747,60585
read,756,21525
read,757,22316
read,759,23155
read,755,23876
read,758,24150
read,751,24444
read,752,24830
read,753,25160
read,754,25537
read,750,25859
write,755,50100
write,753,50582
write,751,50671
write,757,51362
write,754,51861
write,752,51878
write,760,52115
write,758,52293
write,756,52535
write,759,53579
open,751,52113
open,753,53903
open,752,54244
open,755,55273
open,756,55674
open,759,57311
open,754,57642
open,757,58723
open,758,59218
open,750,65924
close,752,55102
close,757,56641
close,755,57723
close,753,58252
close,750,58594
close,754,59175
close,751,59388
close,758,59726
close,756,60487
read,760,22519
read,761,22963
read,766,23220
read,765,23295
read,763,23537
read,764,23743
read,762,24095
read,768,25055
read,767,25384
write,770,49152
write,765,50713
write,763,50811
write,769,51158
write,767,51256
write,766,51265
write,761,51657
write,764,53097
write,762,60186
write,768,76795
open,765,53369
open,763,55412
open,761,55961
open,762,56469
open,766,56879
open,760,57357
open,764,57530
open,768,61302
open,769,64037
open,767,143520
close,759,56920
close,762,57163
close,761,58272
close,768,58565
close,765,58760
close,764,58980
close,760,59789
close,767,61191
close,763,61433
close,766,220852
read,773,22017
read,769,23225
read,770,23317
read,776,23528
read,774,23606
read,778,23899
read,775,24374
read,777,24509
read,772,24684
read,771,46368
write,773,47418
write,779,47618
write,776,47776
write,774,48288
write,771,48564
write,772,48900
write,778,48939
write,777,49178
write,775,49346
write,780,49460
write,781,51468
open,775,53708
open,773,53833
open,771,55396
open,777,55604
open,778,55978
open,779,56050
open,772,56148
open,780,56261
open,776,57428
open,770,57912
open,774,58413
close,772,57553
close,769,57902
close,778,58470
close,777,58599
close,770,59255
close,775,59268
close,776,59279
close,773,59506
close,774,60055
close,771,60624
close,779,62436
read,782,23737
read,787,24025
read,786,24148
read,784,24546
read,781,24902
read,788,24984
read,783,25087
read,785,25593
write,789,47771
write,786,47817
write,787,48011
write,788,48186
write,783,48193
write,785,49104
write,782,53230
write,784,54971
open,785,51758
open,786,53633
open,782,54583
open,787,55654
open,789,55873
open,784,57130
open,788,57922
open,783,65896
open,781,73045
close,782,56026
close,785,57261
close,783,58185
close,787,59156
close,786,60075
close,784,60133
close,780,60646
close,781,62704
close,788,65281
read,791,23727
read,794,23737
read,790,24039
read,798,24240
read,789,24548
read,796,24605
read,793,24935
read,795,25184
read,792,25403
read,797,26378
write,790,47310
write,793,48827
write,791,49000
write,795,49246
write,796,49310
write,798,50302
write,799,50926
write,792,51214
write,797,51307
write,794,51595
open,793,52098
open,795,53518
open,794,55028
open,792,55177
open,790,56088
open,791,56288
open,798,56701
open,796,59138
open,797,59198
close,798,57850
close,793,57897
close,790,58328
close,794,58901
close,792,59566
close,797,59702
close,791,60056
close,795,60318
close,789,61731
close,796,62728
read,808,22335
read,807,23872
read,803,24515
read,802,25016
read,805,25429
read,800,25479
read,806,26892
read,801,27489
read,799,28442
read,804,41717
write,801,49020
write,802,49395
write,803,49424
write,804,50150
write,806,51724
write,808,51852
write,809,52005
write,800,53079
write,805,63348
write,807,71658
open,801,53339
open,800,53551
open,803,54075
open,808,55450
open,804,55988
open,802,57002
open,799,57020
open,807,58289
open,806,58926
open,805,62914
close,806,55889
close,803,56410
close,800,57114
close,802,57397
close,805,57715
close,799,59666
close,804,67812
close,801,68343
close,807,71958
read,814,23000
read,815,23730
read,816,23750
read,817,23779
read,809,24245
read,811,25280
read,813,26680
read,812,26936
read,810,35053
write,817,45817
write,818,46190
write,815,46463
write,819,46952
write,816,48076
write,810,53667
write,814,53873
write,813,56694
write,811,60455
write,812,66222
open,809,53488
open,818,54713
open,814,55332
open,815,55983
open,817,55989
open,810,56476
open,816,56625
open,812,65448
open,811,68149
open,813,95902
close,814,55528
close,815,57477
close,816,57985
close,817,58158
close,808,58224
close,809,58410
close,813,59691
close,811,73536
close,812,75206
close,810,85158
read,820,21832
read,823,23296
read,819,23664
read,822,23982
read,821,24535
read,824,24660
read,818,24770
read,826,25081
read,825,25533
read,827,27012
write,821,45515
write,825,45728
write,820,47001
write,824,47451
write,822,47629
write,828,47638
write,827,48763
write,823,49021
write,826,50028
open,820,54300
open,823,54800
open,824,54806
open,822,56009
open,828,56245
open,819,56274
open,825,56648
open,826,57319
open,821,59329
open,827,68275
close,822,56422
close,824,56901
close,819,57698
close,823,58448
close,826,59234
close,825,59494
close,827,59711
close,821,60479
close,820,66947
close,818,71788
read,829,23649
read,828,24044
read,835,24246
read,834,24257
read,832,24561
read,830,24951
read,831,25234
read,833,25652
read,836,26678
read,837,26797
write,829,46889
write,835,47353
write,831,47410
write,837,48257
write,833,48711
write,832,49647
write,838,50236
write,834,51087
write,836,54012
write,830,55290
open,835,53892
open,830,54777
open,836,55162
open,833,56137
open,832,56223
open,834,56244
open,831,57006
open,837,57169
open,829,58604
close,834,57326
close,830,57985
close,836,58686
close,832,58787
close,829,59481
close,833,59600
close,835,60072
close,837,61327
close,828,61337
close,831,61383
read,842,24022
read,839,24412
read,844,24533
read,841,25099
read,846,25314
read,847,25943
read,845,26276
read,840,26435
read,843,26453
read,838,27070
write,839,46779
write,840,47343
write,845,49497
write,844,49503
write,848,49990
write,846,50115
write,841,50861
write,847,51021
write,843,51363
write,842,52585
open,845,51014
open,842,53278
open,847,53532
open,838,53829
open,844,54664
open,840,55715
open,843,55934
open,841,56852
open,846,58932
open,839,59175
close,844,53582
close,843,57239
close,846,57675
close,842,57838
close,840,58099
close,841,58389
close,838,58554
close,839,59015
close,845,59905
read,855,23891
read,851,25236
read,853,25240
read,849,25546
read,852,25568
read,854,26765
read,856,27151
read,848,27164
read,850,27526
read,857,28357
write,855,49635
write,850,50297
write,851,50767
write,853,50808
write,852,51010
write,854,51347
write,856,51458
write,849,51523
write,857,52850
write,858,53403
open,855,53769
open,854,55427
open,853,56091
open,857,56170
open,851,56254
open,850,56390
open,848,56744
open,852,57074
open,849,58187
open,856,60309
close,847,56282
close,853,56770
close,849,57289
close,848,57656
close,850,57755
close,852,58365
close,855,58398
close,851,58891
close,854,59251
close,856,60784
read,859,22725
read,862,23208
read,863,23422
read,864,23953
read,860,23968
read,865,24134
read,858,24237
read,866,24293
read,861,24922
write,863,48755
write,865,49850
write,859,51171
write,861,51961
write,862,52038
write,864,52572
write,867,52984
write,866,52994
write,868,53537
write,860,54437
open,864,55139
open,861,56997
open,859,57150
open,862,57662
open,860,57713
open,867,57880
open,858,58736
open,866,59012
open,863,59830
open,865,61306
close,857,58560
close,862,58563
close,863,59644
close,858,59662
close,860,59863
close,859,60165
close,864,60481
close,861,60849
close,865,60931
close,866,62602
read,873,23761
read,871,24038
read,876,24240
read,868,24808
read,867,24945
read,872,25287
read,874,25652
read,869,25965
read,875,26135
read,870,27567
write,874,46307
write,875,47131
write,872,47805
write,873,48592
write,876,49790
write,877,50111
write,870,51966
write,869,53791
write,871,54910
open,874,54925
open,870,55549
open,876,56372
open,875,56856
open,877,57670
open,873,58169
open,871,58606
open,872,60050
open,869,61383
open,868,62417
close,874,56230
close,875,57250
close,872,57852
close,873,58484
close,868,59185
close,870,59539
close,876,59627
close,871,61600
close,867,61832
close,869,63352
read,877,23904
read,882,24026
read,878,24568
read,885,24872
read,883,25078
read,881,25137
read,880,25148
read,884,25383
read,879,33078
read,886,41705
write,887,45670
write,881,47835
write,878,48781
write,884,49086
write,880,49275
write,879,50599
write,885,52356
write,883,53106
write,886,61879
write,882,72973
open,885,55829
open,880,56195
open,884,56742
open,879,57047
open,886,57119
open,882,57536
open,883,57581
open,878,57669
open,881,57671
close,880,55811
close,886,58109
close,882,59468
close,878,59879
close,879,60094
close,881,60812
close,884,60847
close,877,60876
close,883,61318
close,885,62880
read,894,24225
read,889,24406
read,888,24751
read,891,24867
read,892,25228
read,893,25283
read,896,26311
read,887,26893
read,895,27218
read,890,35168
write,891,48351
write,888,48760
write,892,49042
write,890,49124
write,894,49206
write,889,49460
write,897,50438
write,893,50952
write,896,51952
write,895,51958
open,890,54914
open,896,55527
open,894,56841
open,893,57418
open,891,57527
open,888,57795
open,889,58005
open,892,58253
open,887,58987
open,895,65052
close,888,57805
close,890,58220
close,892,58310
close,891,59481
close,887,59656
close,895,61628
close,894,62352
close,893,66286
close,889,67480
read,898,24175
read,905,24422
read,900,25105
read,899,25568
read,897,26746
read,904,28568
read,902,29670
read,903,30001
read,901,36487
write,899,49741
write,901,50393
write,900,50743
write,907,51224
write,906,51705
write,898,51904
write,902,52997
write,904,60408
write,903,64579
write,905,67414
open,900,56000
open,901,56440
open,899,56818
open,897,57063
open,898,57267
open,906,58709
open,905,68788
open,902,73638
open,903,76474
open,904,78162
close,900,56479
close,898,56858
close,896,57140
close,897,58756
close,899,59092
close,903,68159
close,905,71826
close,904,73177
close,901,73441
close,902,74769
read,910,22555
read,908,22923
read,914,23081
read,909,23225
read,912,23686
read,907,23857
read,911,24032
read,913,24387
read,915,25811
read,906,34987
write,913,49929
write,911,50100
write,916,51072
write,910,51429
write,914,51685
write,912,52080
write,915,52267
write,909,60217
write,908,66523
open,910,54452
open,911,55803
open,908,56225
open,914,57475
open,909,57600
open,916,57867
open,912,58706
open,915,59439
open,913,59934
open,907,82718
close,906,56122
close,910,58106
close,908,58333
close,909,58959
close,907,59215
close,911,59371
close,912,60609
close,915,60989
close,914,62008
close,913,65245
read,922,23121
read,916,23710
read,921,23776
read,923,24217
read,917,24261
read,918,24586
read,925,24687
read,920,24805
read,924,24919
read,919,30041
write,917,43584
write,921,45776
write,924,46633
write,923,47229
write,925,47247
write,922,47849
write,919,48124
write,926,48131
write,920,48617
write,918,49841
open,920,52834
open,923,56449
open,922,56460
open,918,56667
open,924,57514
open,919,58783
open,921,60157
open,925,60596
open,917,106553
close,920,56179
close,925,58133
close,921,58536
close,922,58713
close,916,59542
close,918,59590
close,919,62460
close,923,63286
close,924,65370
close,917,72597
read,935,23518
read,927,24606
read,928,24687
read,929,24746
read,926,25067
read,933,25356
read,932,26215
read,931,26485
read,930,27036
read,934,27625
write,934,47393
write,930,48473
write,931,48639
write,927,48957
write,929,48978
write,932,49466
write,935,50425
write,928,51099
write,933,51249
write,936,52607
open,926,52672
open,934,53369
open,932,54386
open,927,55068
open,928,55541
open,930,55960
open,931,56628
open,929,57286
open,933,57350
open,935,58744
close,933,55028
close,928,58483
close,929,59225
close,926,59614
close,927,59807
close,932,60471
close,935,60905
close,931,61085
close,930,62618
close,934,63877
read,942,23941
read,945,24365
read,940,24488
read,941,24698
read,937,25096
read,939,25597
read,938,25756
read,944,27501
read,936,29055
read,943,29727
write,937,49904
write,943,49985
write,940,50131
write,938,50792
write,941,50807
write,945,51108
write,944,51661
write,942,51743
write,939,51970
write,946,52747
open,940,53374
open,943,54170
open,938,54865
open,942,55425
open,936,56260
open,941,56585
open,937,57310
open,939,58278
open,944,58366
open,945,62106
close,942,56568
close,939,57464
close,938,57611
close,937,58422
close,941,58759
close,936,59708
close,940,60222
close,943,60631
close,944,61245
read,948,23891
read,949,24468
read,947,24903
read,946,25358
read,950,25408
read,952,25809
read,951,26002
read,953,26248
read,954,26702
write,952,49285
write,951,49947
write,948,50026
write,954,50605
write,949,50791
write,950,51487
write,953,52123
write,955,54763
write,947,55568
write,956,62692
open,948,54563
open,950,54657
open,946,56126
open,949,56695
open,954,56742
open,953,57522
open,952,58219
open,951,58394
open,947,59008
open,955,59238
close,952,56414
close,949,57191
close,947,57469
close,948,57535
close,950,57817
close,953,58090
close,951,59050
close,945,59628
close,954,59682
close,946,64420
read,955,23006
read,963,24117
read,964,24533
read,961,24708
read,960,25716
read,957,25920
read,958,25994
read,956,26850
read,962,33587
read,959,36569
write,959,49968
write,961,50480
write,958,50480
write,957,50866
write,962,51693
write,964,52254
write,960,52556
write,965,53080
write,963,55114
open,960,54534
open,962,55199
open,958,57226
open,965,57731
open,964,58025
open,963,58889
open,956,59672
open,959,60042
open,957,65429
open,961,66073
close,957,57719
close,955,57915
close,963,58727
close,956,58747
close,961,59822
close,964,59909
close,962,60271
close,960,60313
close,958,61464
close,959,76917
read,969,22776
read,965,22880
read,966,23002
read,967,23190
read,971,23239
read,974,23808
read,973,23917
read,970,23958
read,968,24661
read,972,25530
write,966,40936
write,969,49894
write,970,50116
write,975,50258
write,973,50592
write,971,50883
write,972,51400
write,968,52245
write,967,52462
write,974,52990
open,974,56321
open,971,57364
open,968,57495
open,972,57533
open,973,57569
open,966,58435
open,967,59860
open,970,60089
open,975,63012
open,969,64602
close,968,58006
close,965,58639
close,967,59027
close,972,59081
close,970,59303
close,974,61132
close,973,61209
close,971,61304
close,969,63164
close,966,64619
read,975,21813
read,978,23412
read,980,23657
read,976,23776
read,979,24098
read,983,24454
read,981,24807
read,982,24983
read,984,26154
read,977,27487
write,979,46372
write,980,47350
write,981,47354
write,982,48524
write,978,48924
write,984,49529
write,983,49649
write,977,49850
write,976,49868
write,985,52674
open,980,54527
open,981,55707
open,978,56973
open,982,57126
open,979,57459
open,983,58086
open,977,59302
open,976,60209
open,984,61277
close,980,56305
close,979,56606
close,976,58772
close,982,58844
close,983,59266
close,978,59341
close,981,60566
close,977,62363
close,975,64631
close,984,93985
read,988,24823
read,989,24972
read,986,25600
read,991,26296
read,987,26666
read,990,26761
read,992,27067
read,985,27117
read,993,27319
read,994,27527
write,987,49594
write,991,49639
write,988,49660
write,993,50019
write,994,50266
write,990,50459
write,989,50689
write,992,51809
write,995,55749
write,986,56218
open,992,53975
open,989,54188
open,987,55180
open,988,55251
open,991,55290
open,990,55890
open,993,56512
open,994,56922
open,986,59011
open,985,68489
close,990,57648
close,991,57857
close,988,57975
close,986,57989
close,987,58171
close,989,58884
close,993,59532
close,992,59553
close,985,64820
read,998,25016
read,1000,25385
read,997,26068
read,999,26429
read,996,27423
read,1003,27758
read,1001,37434
read,1002,37570
read,995,42643
write,999,49170
write,1001,49188
write,998,50697
write,997,51883
write,1000,52003
write,1005,56172
write,1004,59109
write,996,62341
write,1003,66171
write,1002,70827
open,996,55310
open,1000,55410
open,999,55546
open,998,56367
open,997,56421
open,1001,56734
open,995,59240
open,1004,65280
open,1002,66391
open,1003,66749
close,994,57453
close,996,58001
close,998,58246
close,1000,58485
close,997,59037
close,995,60208
close,999,61469
close,1001,68782
close,1002,76155
close,1003,79682
read,1006,23118
read,1008,23963
read,1007,24160
read,1011,24336
read,1009,24337
read,1013,24788
read,1010,24989
read,1005,25559
read,1012,33922
read,1004,36671
write,1009,47795
write,1014,48272
write,1007,48923
write,1013,49074
write,1011,49306
write,1008,49470
write,1012,49961
write,1010,52715
write,1006,56500
open,1008,55628
open,1009,56080
open,1010,56242
open,1013,56252
open,1011,57096
open,1007,58643
open,1012,59364
open,1006,59603
open,1014,60021
open,1005,74578
close,1007,56377
close,1009,56635
close,1011,58477
close,1006,59334
close,1010,59472
close,1012,59629
close,1005,60519
close,1008,61544
close,1013,63014
close,1004,79717
read,1015,22829
read,1014,22955
read,1017,23603
read,1016,23867
read,1020,24589
read,1021,25442
read,1022,25812
read,1019,25961
read,1018,33366
read,1023,45914
write,1015,47528
write,1016,48219
write,1017,48959
write,1021,49554
write,1018,50454
write,1022,51014
write,1020,51238
write,1023,52767
write,1024,53525
write,1019,56873
open,1018,54106
open,1016,54172
open,1015,56910
open,1017,57070
open,1019,60160
open,1021,61539
open,1020,61817
open,1023,62795
open,1022,69281
close,1017,54336
close,1015,54461
close,1016,58854
close,1018,60124
close,1014,60898
close,1021,63087
close,1020,63122
close,1019,66338
close,1022,66688
close,1023,67426
close,1024,79332
open,1024,64765
read,1024,28353
write,1025,51919
